x,y
74,18
74,19
75,20
76,21
76,22
77,23
77,24
78,25
78,26
79,27
79,28
80,29
81,28
80,29
80,30
80,31
80,32
80,33
80,34
80,35
80,36
80,37
80,38
80,39
80,40
80,41
79,42
79,43
79,44
79,45
79,46
79,47
79,48
78,49
78,50
78,51
78,52
77,53
77,54
77,55
78,56
78,57
77,58
76,59
75,59
74,59
73,59
72,60
71,60
70,60
69,61
68,61
67,61
68,61
69,61
70,60
71,60
72,60
73,59
74,59
75,59
76,59
77,58
78,59
79,60
80,61
81,62
82,63
82,64
83,65
84,66
85,67
86,68
87,69
88,70
89,70
90,70
91,71
92,72
93,72
94,73
95,73
96,72
97,72
98,73
99,73
100,73
101,74
102,74
103,74
104,74
105,74
106,74
107,75
108,75
109,75
110,75
111,75
112,74
113,74
114,74
115,74
116,74
117,73
118,73
119,73
120,74
121,74
122,74
123,75
124,75
125,75
126,76
127,76
126,76
125,75
124,75
123,75
122,74
121,74
120,74
119,73
118,73
117,73
116,74
115,74
114,74
113,74
112,74
111,75
110,75
109,75
108,75
107,75
106,74
105,74
104,74
103,74
102,74
101,74
100,73
99,73
98,73
97,72
96,72
95,73
94,74
94,75
94,76
94,77
94,78
94,79
94,80
94,81
94,82
94,83
94,84
94,85
94,86
94,87
94,88
94,89
94,90
94,91
94,92
94,93
94,94
94,95
94,96
94,97
94,98
94,99
94,100
94,101
94,102
94,103
94,104
94,105
94,106
94,107
94,108
94,109
95,110
95,111
96,112
97,113
97,114
98,115
99,116
100,117
101,116
102,115
103,114
104,113
105,112
106,111
107,110
108,109
109,108
110,107
111,106
112,105
113,104
114,103
115,102
116,101
117,100
118,99
119,99
120,99
121,98
120,99
119,99
118,99
117,100
116,101
115,102
114,103
113,104
112,105
111,106
110,107
109,108
108,109
107,110
106,111
105,112
104,113
103,114
102,115
101,116
100,117
100,118
100,119
100,120
100,121
100,122
100,123
100,124
100,125
99,126
99,127
99,128
99,129
99,130
99,131
99,132
99,133
100,134
100,135
100,136
100,137
100,138
101,139
101,140
101,141
102,142
102,143
103,144
104,145
105,146
106,146
107,146
108,146
109,146
110,146
111,146
112,146
113,146
114,146
115,146
116,146
117,146
118,146
119,146
120,146
121,146
122,146
123,146
124,146
125,145
126,145
127,144
128,144
129,143
130,143
131,142
132,142
133,141
134,141
135,140
136,139
137,138
138,137
139,136
140,136
141,136
142,135
143,135
144,135
145,135
146,135
147,135
148,135
149,135
150,135
151,135
152,135
153,136
154,137
155,138
156,139
157,140
158,141
159,142
160,143
161,144
162,145
163,146
164,147
165,148
166,149
167,149
168,150
167,149
166,149
165,148
164,147
163,146
162,145
161,144
160,143
159,142
158,141
157,140
156,139
155,138
154,137
153,136
152,135
153,134
154,133
155,132
156,131
157,131
158,130
159,129
159,128
160,127
160,126
161,125
161,124
162,123
163,122
164,122
165,121
166,120
167,119
167,118
167,117
167,116
167,115
167,114
168,113
168,112
168,111
168,110
168,109
168,108
168,107
168,106
168,105
168,104
168,103
168,102
167,101
166,100
165,100
164,99
163,99
162,99
161,98
160,98
159,98
158,98
157,98
158,98
159,98
160,98
161,98
162,99
163,99
164,99
165,100
166,100
167,101
168,102
169,102
170,101
171,100
172,99
173,99
174,98
175,97
176,96
177,95
178,94
179,93
180,92
181,91
182,90
183,89
183,88
182,87
181,86
181,85
180,84
179,83
179,82
178,81
178,80
178,79
177,78
177,77
176,76
175,75
175,74
174,73
173,72
172,71
171,70
170,70
169,70
168,70
167,69
166,69
165,69
164,69
163,69
162,68
161,68
160,68
159,68
158,68
157,69
156,70
155,70
154,70
153,71
152,71
151,70
150,69
149,68
148,67
147,66
146,65
147,66
148,67
149,68
150,69
151,70
151,71
150,72
150,73
149,74
148,75
147,76
146,77
146,78
145,79
144,80
143,81
142,80
141,80
140,79
139,79
138,79
137,78
136,78
135,78
136,78
137,78
138,79
139,79
140,79
141,80
142,80
143,81
143,82
143,83
143,84
142,85
142,86
143,87
144,88
145,89
146,90
147,91
146,90
145,89
144,88
143,87
142,86
142,85
143,84
143,83
143,82
143,81
144,80
145,79
146,78
146,77
147,76
148,75
149,74
150,73
150,72
151,71
152,71
153,71
154,70
155,70
156,70
157,69
158,68
158,67
158,66
158,65
157,64
157,63
157,62
157,61
157,60
157,59
156,58
156,57
155,56
155,55
155,54
154,53
153,52
153,51
153,52
154,53
155,54
155,55
155,56
156,57
156,58
157,59
157,60
157,61
157,62
157,63
157,64
158,65
158,66
158,67
159,68
160,68
161,68
162,68
163,69
164,69
165,69
166,69
167,69
168,70
169,70
170,70
171,70
172,71
173,72
174,73
175,74
175,75
176,76
177,77
177,78
178,79
178,80
178,81
179,82
179,83
180,84
181,85
181,86
182,87
183,88
184,89
185,89
186,89
187,89
188,89
189,89
190,89
191,89
192,89
193,89
194,89
195,89
196,89
197,89
198,89
199,89
200,89
201,89
202,89
203,89
204,90
205,90
206,90
207,90
208,91
209,91
210,92
211,93
212,92
213,92
214,91
215,91
216,90
217,89
218,88
218,87
218,86
218,85
218,84
218,83
218,82
218,81
218,80
218,79
218,78
218,77
218,76
218,75
218,74
218,73
218,72
217,71
216,70
216,69
216,70
217,71
218,72
218,73
218,74
218,75
218,76
218,77
218,78
218,79
218,80
218,81
218,82
218,83
218,84
218,85
218,86
218,87
219,88
220,88
221,88
222,87
223,87
224,86
225,85
226,85
227,84
228,84
229,84
230,83
231,83
232,82
233,82
234,81
235,80
236,80
237,80
238,79
239,79
240,78
241,78
242,78
243,77
244,77
245,76
246,76
245,76
244,77
243,77
242,78
241,78
240,78
239,79
238,79
237,80
236,80
235,80
234,81
233,82
232,82
231,83
230,83
229,84
228,84
227,84
226,85
225,85
224,86
223,87
222,87
221,88
220,88
219,88
218,88
217,89
216,90
215,91
214,91
213,92
212,92
211,93
211,94
211,95
211,96
211,97
211,98
211,99
211,100
210,101
210,102
210,103
210,104
210,105
210,106
210,107
209,108
209,109
209,110
209,111
209,112
209,113
210,114
210,115
210,116
210,117
210,118
211,119
211,120
210,121
210,122
211,123
211,124
210,125
210,126
210,127
210,128
210,129
210,130
211,131
211,132
212,133
212,134
212,135
212,136
212,137
212,138
212,139
212,140
212,141
212,142
212,143
212,144
212,145
211,146
211,147
211,148
211,149
211,150
211,151
211,152
210,153
210,154
210,155
210,156
210,157
210,158
209,159
209,160
209,161
208,162
208,163
207,164
206,165
205,166
204,166
203,165
202,165
201,164
200,164
199,164
198,164
197,164
196,163
195,163
194,163
193,163
192,163
191,163
190,163
189,163
188,163
187,163
186,164
185,165
184,165
183,166
182,166
181,167
181,168
180,169
179,169
178,169
177,169
176,169
177,169
178,169
179,169
180,169
181,170
181,171
181,172
181,173
181,172
181,171
181,170
180,169
181,168
181,167
182,166
183,166
184,165
185,165
186,164
187,163
187,162
187,161
187,160
187,159
186,158
186,157
186,156
186,155
186,154
185,153
186,152
186,151
186,150
186,149
187,148
188,147
187,148
186,149
186,150
186,151
186,152
185,153
186,154
186,155
186,156
186,157
186,158
187,159
187,160
187,161
187,162
188,163
189,163
190,163
191,163
192,163
193,163
194,163
195,163
196,163
197,164
198,164
199,164
200,164
201,164
202,165
203,165
204,166
205,167
205,168
205,169
204,170
204,171
204,172
204,173
204,174
204,175
204,176
203,177
203,178
203,179
203,180
203,181
202,182
202,183
202,184
202,185
201,186
201,187
201,188
200,189
200,190
199,191
199,192
198,193
197,194
196,195
195,196
194,196
193,197
192,198
191,197
190,196
189,195
188,194
187,193
186,192
185,191
185,190
184,189
183,188
182,187
181,186
181,185
180,184
179,184
178,184
179,184
180,184
181,185
181,186
182,187
183,188
184,189
185,190
185,191
186,192
187,193
188,194
189,195
190,196
191,197
192,198
192,199
191,200
191,201
191,202
190,203
190,204
190,205
189,206
188,207
187,208
186,209
185,209
184,210
183,210
182,210
181,210
180,210
179,210
178,210
177,209
176,208
175,207
174,206
173,205
172,204
171,203
171,202
171,201
170,200
169,199
169,198
169,199
170,200
171,201
171,202
171,203
172,204
173,205
174,206
175,207
176,208
177,209
178,210
178,211
177,212
176,213
175,213
174,214
174,215
173,216
173,217
172,218
172,219
171,220
170,221
169,222
168,223
167,223
166,224
165,225
164,226
163,226
162,225
161,224
160,223
159,222
158,221
157,220
156,219
155,218
155,217
154,216
153,215
152,214
152,213
152,212
151,211
150,210
150,209
150,210
151,211
152,212
152,213
152,214
153,215
154,216
155,217
154,218
153,218
152,218
151,218
150,217
149,217
148,216
147,216
146,216
145,216
144,216
143,216
142,216
141,216
140,215
139,215
138,214
135,212
138,214
139,215
140,215
141,216
142,216
143,216
144,216
145,216
146,216
147,216
148,216
149,217
150,217
151,218
152,218
153,218
154,218
155,218
156,219
157,220
158,221
159,222
160,223
161,224
162,225
163,226
163,227
163,228
163,229
163,230
163,231
163,232
163,233
163,234
163,235
163,236
163,237
163,238
164,239
164,240
165,241
166,242
166,243
167,244
168,245
168,246
169,247
169,248
170,249
171,250
171,251
172,252
172,253
173,254
173,255
174,256
175,257
176,258
177,258
178,259
179,260
180,261
181,262
180,261
179,260
178,259
177,258
176,258
175,257
174,256
173,255
173,254
172,253
172,252
171,251
171,250
170,249
169,248
169,247
168,246
168,245
167,244
166,243
166,242
165,241
164,240
164,239
163,238
162,238
161,239
160,240
159,241
158,241
157,241
156,242
155,242
154,242
153,242
152,242
151,242
150,242
149,242
148,242
147,242
146,242
145,242
144,243
143,243
142,243
141,243
140,243
139,243
138,243
137,242
136,242
135,242
134,242
133,241
132,240
131,240
130,240
129,240
128,240
127,240
126,240
125,240
124,239
123,239
122,240
121,240
122,240
123,239
124,239
125,240
126,240
127,240
128,240
129,240
130,240
131,240
132,240
133,241
134,242
135,242
136,242
137,242
138,243
139,243
140,243
141,243
142,243
143,243
144,243
145,242
146,242
147,242
148,242
149,242
150,242
151,242
152,242
153,242
154,242
155,242
156,242
157,241
158,241
159,241
160,240
161,239
162,238
163,237
163,236
163,235
163,234
163,233
163,232
163,231
163,230
163,229
163,228
163,227
164,226
165,225
166,224
167,223
168,223
169,222
170,221
171,220
172,219
172,218
173,217
173,216
174,215
174,214
175,213
176,213
177,212
178,211
179,210
180,210
181,210
182,210
183,210
184,210
185,209
186,209
187,208
188,207
189,206
190,205
190,204
190,203
191,202
191,201
191,200
192,199
192,198
193,197
194,196
195,196
196,195
197,194
198,193
199,192
199,191
200,190
200,189
201,188
201,187
201,186
202,185
202,184
202,183
202,182
203,181
203,180
203,179
203,178
203,177
204,176
204,175
204,174
204,173
204,172
204,171
204,170
205,169
205,168
205,167
205,166
206,165
207,164
208,163
208,162
209,161
209,160
209,159
210,158
210,157
210,156
210,155
210,154
210,153
211,152
211,151
211,150
211,149
211,148
211,147
211,146
212,145
212,144
212,143
212,142
212,141
212,140
212,139
212,138
212,137
212,136
212,135
212,134
212,133
211,132
211,131
210,130
210,129
210,128
210,127
210,126
210,125
211,124
211,123
210,122
210,121
211,120
211,119
210,118
210,117
210,116
210,115
210,114
209,113
208,113
207,114
206,115
205,116
204,117
203,118
202,119
201,120
200,121
199,122
198,123
197,123
196,124
195,124
194,125
193,125
192,125
191,125
190,125
189,126
188,126
187,126
186,126
185,126
184,126
183,126
182,126
181,125
180,125
179,125
178,125
177,125
176,125
175,125
174,125
173,125
172,124
171,124
170,124
169,124
168,123
167,122
166,121
165,121
164,122
163,122
162,123
161,124
161,125
160,126
160,127
159,128
159,129
158,130
157,131
156,131
155,132
154,133
153,134
152,135
151,135
150,135
149,135
148,135
147,135
146,135
145,135
144,135
143,135
142,135
141,136
140,136
139,136
138,137
137,138
136,139
135,140
134,141
133,141
132,142
131,142
130,143
129,143
128,144
127,144
126,145
125,145
124,146
124,147
125,148
126,149
127,150
128,151
129,152
130,153
131,154
132,155
133,156
134,157
135,158
136,159
137,160
138,161
138,162
138,163
139,164
140,165
140,166
140,167
140,168
141,169
141,170
141,171
141,172
141,173
141,174
141,175
141,176
140,177
140,178
140,179
140,180
140,181
140,182
140,183
140,184
139,185
139,186
139,187
139,188
138,189
138,190
138,191
138,192
138,193
138,194
138,195
139,196
139,199
122,202
139,199
139,196
138,195
138,194
138,193
138,192
138,191
138,190
138,189
139,188
139,187
139,186
139,185
140,184
140,183
140,182
140,181
140,180
140,179
140,178
140,177
141,176
141,175
141,174
141,173
141,172
141,171
141,170
141,169
140,168
140,167
140,166
140,165
139,164
138,163
138,162
138,161
137,160
136,159
135,158
134,157
133,156
132,155
131,154
130,153
129,152
128,151
127,150
126,149
125,148
124,147
123,146
122,146
121,146
120,146
119,146
118,146
117,146
116,146
115,146
114,146
113,146
112,146
111,146
110,146
109,146
108,146
107,146
106,146
105,146
104,147
103,148
102,148
101,149
100,150
99,151
98,152
97,153
96,154
95,154
94,155
93,156
92,157
91,158
90,159
90,160
90,161
89,162
89,163
89,164
89,165
89,166
89,167
89,168
88,169
88,170
87,171
86,172
85,173
84,174
83,175
82,176
81,177
80,178
79,179
78,179
77,180
76,180
75,181
74,182
73,183
72,184
73,185
74,186
75,187
76,188
77,189
78,190
79,191
80,192
81,193
82,194
83,195
84,196
85,197
85,198
85,199
85,200
86,201
86,202
86,203
86,204
87,205
87,206
87,207
87,208
87,209
87,210
87,211
88,212
88,213
88,214
88,215
87,216
86,216
85,217
84,217
83,218
82,218
81,219
82,218
83,218
84,217
85,217
86,216
87,216
88,215
89,216
90,217
91,218
92,219
93,220
94,221
95,222
96,223
97,224
98,225
98,226
97,227
97,228
96,229
95,230
95,231
95,232
95,231
95,230
96,229
97,228
97,227
98,226
99,226
100,227
101,227
102,227
103,227
104,227
105,227
106,227
105,227
104,227
103,227
102,227
101,227
100,227
99,226
98,225
97,224
96,223
95,222
94,221
93,220
92,219
91,218
90,217
89,216
88,215
88,214
88,213
88,212
87,211
87,210
87,209
87,208
87,207
87,206
87,205
86,204
86,203
86,202
86,201
85,200
85,199
85,198
85,197
84,196
83,195
82,194
81,193
80,192
79,191
78,190
77,189
76,188
75,187
74,186
73,185
72,184
71,184
70,184
69,185
68,185
67,185
66,185
65,185
64,185
63,185
62,185
61,185
60,185
59,185
58,185
57,185
56,185
55,186
54,186
53,187
52,187
51,187
50,188
49,188
48,189
47,189
46,190
45,190
44,190
43,191
42,191
41,192
40,192
39,193
38,193
37,194
36,194
35,195
34,195
33,195
32,195
31,196
30,196
29,197
28,198
27,198
26,199
25,200
24,200
23,201
22,201
21,202
20,202
19,203
18,204
17,204
18,204
19,203
20,202
21,202
22,201
23,201
24,200
25,200
26,199
27,198
28,198
29,197
30,196
31,196
32,195
33,195
34,195
35,195
36,194
37,194
38,193
39,193
40,192
41,192
42,191
43,191
44,190
45,190
46,191
47,192
47,193
48,194
48,195
49,196
50,197
50,198
51,199
51,200
52,201
52,202
52,203
53,204
53,205
54,206
54,207
54,208
55,209
56,210
57,211
57,212
58,213
58,214
58,215
59,216
60,217
60,218
61,219
61,220
61,221
61,222
62,223
